WKT,name
"POINT (-76.57254583558193 39.28286819112978)",819 S Ellwood Ave
"POINT (-76.52008836294176 39.261198000015554)",11 Leeway (Dundalk)

