WKT,name
"POINT (-76.60982747116388 39.28276014833211)",819 S Ellwood Ave
"POINT (-76.52008836294176 39.261198000015554)",11 Leeway (Dundalk)

