WKT,name
"POINT (-76.6141691 39.32694280476867)",Red Emma's
"POINT (-76.61304747116417 39.310536693089155)",209 McAllister St
"POINT (-76.60977836441803 39.35193340375878)",York Rd and Notre Dame Ln 
"POINT (-76.63632443558194 39.30456809627643)",1822 Pennsylvania Ave
"POINT (-76.57607307116386 39.29388420000001)",123 N Linwood Ave
"POINT (-76.59073027116388 39.28723848433616)",315 S Durham St

